index,pdb,prot_chain,na_chain
13,8RJB,L,v
75,8Q7V,d,5
144,6QTZ,Z,y
345,6R7Q,L,8
605,6BK8,b,5
627,6BK8,R,2
676,8CD1,V,B
732,5MQ0,O,I
735,5MQ0,o,6
742,5MQ0,y,2
795,6MTD,L,8
877,8TUX,m,R
910,8FRU,l,4
958,5APO,L,8
981,7V08,L,2
983,7V08,N,2
1133,7OQB,y,2
1163,7QWR,L,8
1253,8IPY,H,8
1259,8IPY,R,3
1286,3J7Q,L,8
1577,5NRL,D,5
1596,5NRL,S,2
1599,5NRL,t,2
1602,5NRL,u,2
1608,5NRL,y,2
1635,7T3L,a,m
1636,7T3L,b,m
1637,7T3L,c,m
1638,7T3L,d,m
1639,7T3L,e,m
1641,7T3L,i,m
1697,6OLI,i,D
1703,6OLI,m,D
1716,7SYI,c,z
1880,6R6G,L,8
1917,7UQZ,L,2
1919,7UQZ,N,2
2021,6M62,L,2
2023,6M62,N,2
2059,6XIQ,L,4
2103,6D90,L,8
2249,6FTJ,L,w
2266,7UCJ,L,8
2317,8IPX,H,8
2323,8IPX,R,3
2373,7SYH,c,z
2470,6J6H,s,L
2543,6OIG,L,8
2836,3JAJ,L,8
2867,7UG6,L,2
3001,8RXH,LE,L4
3112,5APN,L,8
3303,8HK1,d,H
3330,7OF1,L,2
3342,8AGV,l,i
3500,7R7A,n,2
3639,6ID1,p,H
3711,3JAI,L,8
3855,6LQM,H,8
3897,7N8B,AL,A4
4148,5GAK,N,4
4282,3JAG,L,8
4300,4UJD,AL,A3
4324,6P5N,AL,8
5008,6MTE,L,8
5175,6WOO,L,8
5193,5LZZ,L,8
5258,8EUB,AL,A4
5596,5Z56,l,H
5832,7OHW,n,2
6279,8EVS,AL,A4
6416,6R86,N,4
6459,7SYT,c,z
6461,7SYT,d,z
6480,8EV3,n,2
6502,8CH6,i,e
6571,5LZY,L,8
6655,5O9Z,H,4
7022,5T5H,N,C
7030,5T5H,r,C
7037,5T5H,u,D
7220,7T3K,a,m
7221,7T3K,b,m
7222,7T3K,c,m
7223,7T3K,d,m
7224,7T3K,e,m
7225,7T3K,i,m
7243,8EVQ,AL,A4
7265,8AGZ,l,i
7614,7MPI,AL,A4
8048,5LZS,L,8
8126,6ICZ,p,H
8249,5GMK,s,L
8409,7EVO,d,H
8710,5T2A,L,C
8717,5T2A,o,C
8719,5T2A,p,C
8727,5T2A,s,D
8734,5T2A,V,C
8912,6J6N,s,L
8980,6EXN,o,6
8982,6EXN,o,I
8984,6EXN,p,2
8994,6EXN,y,2
9047,3JCT,L,2
9049,3JCT,n,2
9069,6FT6,L,2
9071,6FT6,N,2
9182,7VPX,n,L
9208,8OVJ,E,4
9443,8V84,n,2
9655,7UOO,L,2
9657,7UOO,N,2
9925,8C6J,o,2
9927,8C6J,O,6
9930,8C6J,P,2
9939,8C6J,Y,2
10035,7OHX,n,2
10063,5Z57,l,H
10298,6RI5,Z,y
10486,8JDK,m,F
10641,7NFX,L,8
10678,7DVQ,l,H
10779,6J6G,s,L
10895,7SYX,c,z
11213,8ETI,n,2
11372,7PAL,l,6
11510,8ETG,n,2
11639,8EWB,AL,A4
11778,8EVR,AL,A4
11824,8AGX,l,i
11859,5T2C,m,B
11865,5T2C,R,C
11914,7TM3,L,v
12004,6MTC,L,8
12347,7OBR,L,8
12719,6OLE,i,D
12725,6OLE,M,D
12766,6ELZ,N,2
12833,7MDZ,l,8
12917,3J81,c,3
13033,5JCS,l,y
13361,5OA3,b,3
13417,3J46,y,1
13431,5LZU,L,8
13676,4PJO,M,Y
13709,7OW7,F,C
13713,7OW7,m,B
13779,8JDM,m,F
13915,6AHD,e,B
14140,7TUT,L,v
14191,6FRK,L,8
14224,8B6C,L,8
14353,7R81,N1,C1
14401,3JCS,E,4
14675,7PAQ,L,7
14965,6R87,N,4
15016,8IPD,H,8
15022,8IPD,R,3
15041,6EM1,n,2
15062,7AC7,a,3
15102,8INK,H,8
15108,8INK,R,3
15149,7BTB,N,2
15170,6D9J,L,8
15224,8AAF,l,i
15278,8RJC,L,v
15298,3JAH,L,8
15311,5Y88,c,B
15332,5Y88,p,F
15353,7SYS,c,z
15479,7OHR,N,2
15845,8ESQ,N,2
16271,7B9V,M,2
16275,7B9V,N,2
16278,7B9V,o,6
16280,7B9V,p,2
16290,7B9V,y,2
16317,8QFD,L,8
16340,7ZNJ,a,e
16527,7SYU,c,z
16559,7MPJ,AL,A4
16663,6OM0,i,D
16669,6OM0,M,D
16724,4V91,L,4
16759,7OYD,L,8
16789,8B5L,L,8
16932,7TAW,B,M
16934,7TAW,C,M
16936,7TAW,d,m
16937,7TAW,E,M
16939,7TAW,H,M
16941,7TAW,I,M
17047,6OLF,i,D
17071,7OHS,n,2
17131,6J6Q,s,L
17148,8V87,n,2
17171,7W5A,l,H
17174,7W5A,m,H
17181,7W5A,p,H
17200,7UCK,L,8
17819,6X5M,H,R
17821,6X5M,l,r
17863,7DCO,l,H
17871,7DCO,p,H
18033,8Q7Q,d,5
18057,8EWC,AL,A4
18418,8INE,r,5
18437,6XIR,L,4
18659,5XJC,m,H
18666,5XJC,p,H
18691,7W59,l,H
18694,7W59,m,H
18701,7W59,p,H
18888,7NRC,LN,LC
18997,7QWS,L,8
19716,7ACR,a,3
20090,7QGG,i,D
20096,7QGG,M,D
20345,6FTI,L,w
20448,6YLH,C,2
20472,6GZ3,AL,A3
20502,7SYO,c,z
20566,6X5N,l,r
20659,6YLY,n,3
20669,3J7O,L,8
20864,5YZG,m,H
20881,5YZG,y,H
21064,6MTB,L,8
21078,8A3D,F,C
21168,8AGW,l,i
21189,6OM7,i,D
21194,6OM7,M,D
21207,8AGT,l,i
21318,6W6L,i,D
21371,6FYX,C,3
21560,5LZT,L,8
21778,6HD7,N,4
21801,7OH3,L,2
21837,8ESR,n,2
22107,7OHP,n,2
22412,6QIK,Z,y
22420,8INF,H,8
22427,8INF,R,5
22499,6LSR,H,8
22676,4D5Y,L,3
22705,7UQB,L,2
22707,7UQB,N,2
22784,8Y6O,L,J
22788,8Y6O,n,J
22915,5H4P,L,4
22947,3J7P,L,8
23005,5H1S,H,B
23056,7PKT,a,3
23075,7PKT,i,4
23077,7PKT,i,5
23091,7PKT,P,2
23093,7PKT,p,3
23105,7PKT,s,1
23203,8SCB,L,8
23504,6GQ1,L,4
23591,8IDY,H,8
23854,7NRD,LN,LC
24080,4D67,L,3
24146,8EUI,N,2
24314,8V83,n,2
24422,7PAN,L,7
24566,8JDJ,m,F
24620,3J92,L,8
24654,7OQE,y,2
24658,7SYW,c,z
24660,7SYW,d,z
24855,6FEC,u,F
24956,7ACJ,A,3
24977,6R84,N,4
25076,6LSS,H,8
25081,6LSS,R,5
25317,6AZ3,E,4
25423,5MPS,O,I
25426,5MPS,o,6
25471,6P5K,AL,8
25520,6FTG,L,w
25827,8EVP,AL,A4
25983,8RXX,LE,L4
26180,6P5I,AL,8
26334,6GQV,L,4
26448,3J7R,L,8
26479,8IR3,H,8
26712,3JB9,e,C
26719,3JB9,H,C
26727,3JB9,m,P
26770,8IR1,H,8
26900,5LZV,L,8
27054,6LU8,H,8
27061,6LU8,r,5
27069,7R6Q,n,2
27116,5LZW,L,8
27156,6ID0,p,H
27276,7OHQ,n,2
27310,6G90,t,2
27313,6G90,u,2
27319,6G90,y,2
27399,8A3W,E,4
27496,6YLX,N,2
27521,5LZX,L,8
27581,7QTT,i,e
27806,8IDT,R,5
27822,7QWQ,L,8
27978,3J45,y,1
27996,5Z58,l,H
28029,5AJ0,AL,A3
28067,7OHV,N,2
28106,8OP2,G,U
28108,8OP2,H,C
28178,5XY3,L,4
28555,6P5J,AL,8
28575,7QIZ,N,8
28590,6N8K,L,3
28715,5GM6,i,D
29032,7NAC,n,2
29108,7QIW,N,8
29194,8EUG,N,2
29344,7PKQ,p,2
29387,8JDL,m,F
29483,6N8L,L,3
29623,5YLZ,p,F
